{
  "project_info": {
    "project_number": "713415392153",
    "firebase_url": "https://workalert-e5129.firebaseio.com",
    "project_id": "workalert-e5129",
    "storage_bucket": "workalert-e5129.appspot.com"
  },
  "client": [
    {
      "client_info": {
        "mobilesdk_app_id": "1:713415392153:android:614c99555d81d701c4b108",
        "android_client_info": {
          "package_name": "co.mind2matter.workalert"
        }
      },
      "oauth_client": [
        {
          "client_id": "713415392153-akleloictgji3g7oq4jquhetl7agf1kr.apps.googleusercontent.com",
          "client_type": 3
        }
      ],
      "api_key": [
        {
          "current_key": "AIzaSyC68kwIixa2SSVwU6HI9FtqsTd6Yw1QuIY"
        }
      ],
      "services": {
        "appinvite_service": {
          "other_platform_oauth_client": [
            {
              "client_id": "713415392153-akleloictgji3g7oq4jquhetl7agf1kr.apps.googleusercontent.com",
              "client_type": 3
            }
          ]
        }
      }
    }
  ],
  "configuration_version": "1"
}